{
  "eye": {
    "orientation": [
      0.9177810549736023,
      0,
      0,
      0.3970870077610016
    ],
    "magnitude": 1,
    "position": [
      0,
      -323.1888122558594,
      -303.57501220703125
    ]
  },
  "radius": 256,
  "type": "ORTHOGRAPHIC"
}