{
  "eye": {
    "orientation": [
      0.03690815716981888,
      -0.8907457590103149,
      0.1381942331790924,
      0.43140730261802673
    ],
    "magnitude": 0.5773502588272095,
    "position": [
      -532.3566284179688,
      -195.12074279785156,
      -413.7484130859375
    ]
  },
  "radius": 800,
  "type": "PERSPECTIVE"
}