{
  "eye": {
    "orientation": [
      0.17118223011493683,
      -0.4563109278678894,
      0.0841025859117508,
      0.8691397309303284
    ],
    "magnitude": 0.5773502588272095,
    "position": [
      -1223.036376953125,
      -598.8881225585938,
      839.9502563476562
    ]
  },
  "radius": 800,
  "type": "PERSPECTIVE"
}