{
  "eye": {
    "orientation": [
      0.15688733756542206,
      -0.9217832088470459,
      0.18782056868076324,
      0.3007083833217621
    ],
    "magnitude": 0.5773502588272095,
    "position": [
      -145.13351440429688,
      -128.8386688232422,
      -217.29234313964844
    ]
  },
  "radius": 800,
  "type": "PERSPECTIVE"
}