{
  "eye": {
    "orientation": [
      0.2481497973203659,
      -0.1076524630188942,
      0.07237055152654648,
      0.9599974751472473
    ],
    "magnitude": 0.5773502588272095,
    "position": [
      -68.04805755615234,
      -130.1575927734375,
      232.1092529296875
    ]
  },
  "radius": 400,
  "type": "PERSPECTIVE"
}