{
  "eye": {
    "orientation": [
      0,
      0,
      0,
      1
    ],
    "magnitude": 0.5773502588272095,
    "position": [
      -15.311470985412598,
      -95.86311340332031,
      415.0994873046875
    ]
  },
  "radius": 400,
  "type": "PERSPECTIVE"
}